{
    "name": "root",
    "gauges": {
        "BallAgent.Policy.Entropy.mean": {
            "value": 1.1457270383834839,
            "min": 1.1457270383834839,
            "max": 1.7912473678588867,
            "count": 41
        },
        "BallAgent.Environment.EpisodeLength.mean": {
            "value": 28.36764705882353,
            "min": 28.199513381995136,
            "max": 39.22818791946309,
            "count": 41
        },
        "BallAgent.Policy.ExtrinsicValueEstimate.mean": {
            "value": 0.6381726861000061,
            "min": 0.030235501006245613,
            "max": 0.645462155342102,
            "count": 41
        },
        "BallAgent.Environment.CumulativeReward.mean": {
            "value": 0.7573529411764706,
            "min": 0.007462686567164179,
            "max": 0.7573529411764706,
            "count": 41
        },
        "BallAgent.Policy.ExtrinsicReward.mean": {
            "value": 0.7573529411764706,
            "min": 0.007462686567164179,
            "max": 0.7573529411764706,
            "count": 41
        },
        "BallAgent.IsTraining.mean": {
            "value": 1.0,
            "min": 1.0,
            "max": 1.0,
            "count": 41
        },
        "BallAgent.Losses.PolicyLoss.mean": {
            "value": 0.07504080182621718,
            "min": 0.06454659235333243,
            "max": 0.0759669035743241,
            "count": 40
        },
        "BallAgent.Losses.ValueLoss.mean": {
            "value": 0.04330849648842998,
            "min": 0.003668652143963474,
            "max": 0.05370654161739093,
            "count": 40
        },
        "BallAgent.Policy.LearningRate.mean": {
            "value": 1.1510496163199991e-05,
            "min": 1.1510496163199991e-05,
            "max": 0.0002927808024064,
            "count": 40
        },
        "BallAgent.Policy.Epsilon.mean": {
            "value": 0.10383680000000005,
            "min": 0.10383680000000005,
            "max": 0.1975936,
            "count": 40
        },
        "BallAgent.Policy.Beta.mean": {
            "value": 4.7984319999999955e-05,
            "min": 4.7984319999999955e-05,
            "max": 0.0009761766399999998,
            "count": 40
        }
    },
    "metadata": {
        "timer_format_version": "0.1.0",
        "start_time_seconds": "1607178545",
        "python_version": "3.7.9 (default, Aug 31 2020, 07:22:35) \n[Clang 10.0.0 ]",
        "command_line_arguments": "/Users/apple/opt/anaconda3/envs/unity_rl/bin/mlagents-learn config/ppo/BallAgent.yaml --run-id=ownEnvironment",
        "mlagents_version": "0.22.0",
        "mlagents_envs_version": "0.22.0",
        "communication_protocol_version": "1.2.0",
        "pytorch_version": "1.7.0",
        "numpy_version": "1.18.5",
        "end_time_seconds": "1607179415"
    },
    "total": 870.194703398,
    "count": 1,
    "self": 0.019001458000047933,
    "children": {
        "run_training.setup": {
            "total": 0.012632282999999855,
            "count": 1,
            "self": 0.012632282999999855
        },
        "TrainerController.start_learning": {
            "total": 870.1630696569999,
            "count": 1,
            "self": 1.491195928002071,
            "children": {
                "TrainerController._reset_env": {
                    "total": 6.631889514999999,
                    "count": 1,
                    "self": 6.631889514999999
                },
                "TrainerController.advance": {
                    "total": 861.922014146998,
                    "count": 27015,
                    "self": 0.7799286019898091,
                    "children": {
                        "env_step": {
                            "total": 861.1420855450082,
                            "count": 27015,
                            "self": 720.3148397420074,
                            "children": {
                                "SubprocessEnvManager._take_step": {
                                    "total": 140.13265258099958,
                                    "count": 27015,
                                    "self": 2.8344921179973426,
                                    "children": {
                                        "TorchPolicy.evaluate": {
                                            "total": 137.29816046300223,
                                            "count": 15649,
                                            "self": 11.003046701002773,
                                            "children": {
                                                "TorchPolicy.sample_actions": {
                                                    "total": 126.29511376199946,
                                                    "count": 15649,
                                                    "self": 126.29511376199946
                                                }
                                            }
                                        }
                                    }
                                },
                                "workers": {
                                    "total": 0.6945932220012434,
                                    "count": 27015,
                                    "self": 0.0,
                                    "children": {
                                        "worker_root": {
                                            "total": 868.023957340999,
                                            "count": 27015,
                                            "is_parallel": true,
                                            "self": 488.3389044410045,
                                            "children": {
                                                "run_training.setup": {
                                                    "total": 0.0,
                                                    "count": 0,
                                                    "is_parallel": true,
                                                    "self": 0.0,
                                                    "children": {
                                                        "steps_from_proto": {
                                                            "total": 0.0018943959999990767,
                                                            "count": 1,
                                                            "is_parallel": true,
                                                            "self": 0.0007857569999991654,
                                                            "children": {
                                                                "_process_vector_observation": {
                                                                    "total": 0.0011086389999999113,
                                                                    "count": 2,
                                                                    "is_parallel": true,
                                                                    "self": 0.0011086389999999113
                                                                }
                                                            }
                                                        },
                                                        "UnityEnvironment.step": {
                                                            "total": 0.029496790000001383,
                                                            "count": 1,
                                                            "is_parallel": true,
                                                            "self": 0.00029117400000089333,
                                                            "children": {
                                                                "UnityEnvironment._generate_step_input": {
                                                                    "total": 0.0003511990000006904,